Time,Value
03/12/24 00:52:00,0.022021431000000008
03/12/24 00:53:00,0.022021431000000008
03/12/24 00:54:00,0.022021431000000008
03/12/24 00:55:00,0.007846494
03/12/24 00:56:00,0.007846494
03/12/24 01:11:00,0.221898519
03/12/24 01:12:00,0.221898519
03/12/24 01:13:00,0.119120687
03/12/24 01:14:00,0.119120687
03/12/24 01:15:00,0.016342855000000017
03/12/24 01:16:00,0.016342855000000017
03/12/24 01:17:00,0.016342855000000017
03/12/24 01:18:00,0.03540169300000001
03/12/24 01:19:00,0.03540169300000001
03/12/24 01:20:00,0.035401693000000005
02/12/24 23:49:00,0.01762640700000001
02/12/24 23:50:00,0.01762640700000001
02/12/24 23:51:00,0.01762640700000001
02/12/24 23:52:00,0.01762640700000001
02/12/24 23:53:00,0.01762640700000001
03/12/24 00:28:00,0.308082786
03/12/24 00:29:00,0.308082786
03/12/24 01:27:00,0.019437064000000004
03/12/24 01:28:00,0.019437064000000004
03/12/24 01:29:00,0.019437064
03/12/24 01:30:00,0.019437064000000004
03/12/24 01:31:00,0.019437064000000004
03/12/24 20:56:00,0.010882881000000011
03/12/24 20:57:00,0.010882881000000011
03/12/24 20:58:00,0.010882881000000011
03/12/24 20:59:00,0.010882881000000011
03/12/24 21:00:00,0.010882881000000011
02/12/24 22:41:00,0.017287306750000002
02/12/24 22:42:00,0.019515265500000004
02/12/24 22:43:00,0.016303977166666667
02/12/24 22:44:00,0.01936017507142857
02/12/24 22:45:00,0.023237619937500002
02/12/24 22:46:00,0.0230150158125
02/12/24 22:47:00,0.021568228000000002
02/12/24 22:48:00,0.0228716750625
02/12/24 22:49:00,0.016931254611111113
02/12/24 22:50:00,0.015860126947368422
02/12/24 22:51:00,0.01356514947368421
02/12/24 22:52:00,0.0157933596875
02/12/24 22:53:00,0.01602333375
02/12/24 22:54:00,0.0158878074375
02/12/24 22:55:00,0.015681993733333337
02/12/24 22:56:00,0.015798626642857142
02/12/24 22:57:00,0.016708279705882356
02/12/24 22:58:00,0.01726932623529412
02/12/24 22:59:00,0.018124062058823526
02/12/24 23:00:00,0.0203559063125
02/12/24 23:01:00,0.019421596
02/12/24 23:02:00,0.017333895411764704
02/12/24 23:03:00,0.01556641535294118
02/12/24 23:04:00,0.0172428283125
02/12/24 23:05:00,0.016167684529411766
02/12/24 23:06:00,0.015869694647058823
02/12/24 23:07:00,0.016166502176470587
02/12/24 23:08:00,0.01574707164705882
02/12/24 23:09:00,0.015620676687500001
02/12/24 23:10:00,0.01494000494117647
02/12/24 23:11:00,0.015875472705882354
02/12/24 23:12:00,0.018560156764705883
02/12/24 23:13:00,0.018515655529411767
02/12/24 23:14:00,0.016914952789473685
02/12/24 23:15:00,0.01779443494736842
02/12/24 23:16:00,0.01544743084210526
02/12/24 23:17:00,0.013993729631578949
02/12/24 23:18:00,0.012228759736842103
02/12/24 23:19:00,0.011885048157894734
02/12/24 23:20:00,0.011766149117647059
02/12/24 23:21:00,0.017237024411764702
02/12/24 23:22:00,0.01801041752941176
02/12/24 23:23:00,0.019461339764705887
02/12/24 23:24:00,0.022197398941176467
02/12/24 23:25:00,0.018950273684210525
02/12/24 23:26:00,0.017253876157894737
02/12/24 23:27:00,0.01713231652631579
02/12/24 23:28:00,0.012909216684210528
02/12/24 23:29:00,0.013131588789473684
02/12/24 23:30:00,0.013672766736842104
02/12/24 23:31:00,0.013851380210526313
02/12/24 23:32:00,0.014765889736842105
02/12/24 23:33:00,0.01453869236842105
02/12/24 23:34:00,0.015056295894736844
02/12/24 23:35:00,0.016549154842105264
02/12/24 23:36:00,0.015433803789473679
02/12/24 23:37:00,0.01505775431578948
02/12/24 23:38:00,0.014796487368421055
02/12/24 23:39:00,0.01395164073684211
02/12/24 23:40:00,0.012339389789473687
02/12/24 23:41:00,0.011137049789473689
02/12/24 23:42:00,0.01477935900000001
02/12/24 23:43:00,0.014903205941176471
02/12/24 23:44:00,0.01684296935294117
02/12/24 23:45:00,0.01802172247058823
02/12/24 23:46:00,0.01600178488235294
02/12/24 23:47:00,0.016247980105263158
02/12/24 23:48:00,0.016079257421052633
02/12/24 23:49:00,0.01648265294736842
02/12/24 23:50:00,0.01626377936842105
02/12/24 23:51:00,0.013877234105263158
02/12/24 23:52:00,0.014551297000000005
02/12/24 23:53:00,0.014508912052631578
02/12/24 23:54:00,0.013617312789473687
02/12/24 23:55:00,0.014022988947368422
02/12/24 23:56:00,0.014212237315789474
02/12/24 23:57:00,0.01348229857894737
02/12/24 23:58:00,0.011984648736842102
02/12/24 23:59:00,0.012786332736842107
03/12/24 00:00:00,0.012804395894736838
03/12/24 00:01:00,0.01122698142105263
03/12/24 00:02:00,0.010422759631578944
03/12/24 00:03:00,0.012008148368421054
03/12/24 00:04:00,0.012249588842105263
03/12/24 00:05:00,0.013053810052631586
03/12/24 00:06:00,0.013542002894736838
03/12/24 00:07:00,0.013999414315789466
03/12/24 00:08:00,0.012521046105263155
03/12/24 00:09:00,0.012484039631578951
03/12/24 00:10:00,0.011199707315789476
03/12/24 00:11:00,0.011412851736842098
03/12/24 00:12:00,0.010543897894736835
03/12/24 00:13:00,0.010064068526315794
03/12/24 00:14:00,0.009474519473684214
03/12/24 00:15:00,0.010349536315789476
03/12/24 00:16:00,0.011135743421052635
03/12/24 00:17:00,0.01069308157894737
03/12/24 00:18:00,0.01141469921052631
03/12/24 00:19:00,0.01045398505263158
03/12/24 00:20:00,0.010815129789473679
03/12/24 00:21:00,0.009985395157894738
03/12/24 00:22:00,0.009552594526315785
03/12/24 00:23:00,0.009240435631578937
03/12/24 00:24:00,0.010300229473684195
03/12/24 00:25:00,0.00925369326315789
03/12/24 00:26:00,0.013911060470588243
03/12/24 00:27:00,0.018165239647058823
03/12/24 00:28:00,0.02088893852941176
03/12/24 00:29:00,0.022951820882352925
03/12/24 00:30:00,0.021972377176470586
03/12/24 00:31:00,0.021809743117647058
03/12/24 00:32:00,0.020132333625
03/12/24 00:33:00,0.0200037883125
03/12/24 00:34:00,0.020985536375
03/12/24 00:35:00,0.018869336562500002
03/12/24 00:36:00,0.017042704555555555
03/12/24 00:37:00,0.01621944505263158
03/12/24 00:38:00,0.014646352210526315
03/12/24 00:39:00,0.014810984526315789
03/12/24 00:40:00,0.013652594210526314
03/12/24 00:41:00,0.013746858999999998
03/12/24 00:42:00,0.01806124188235294
03/12/24 00:43:00,0.018166826411764703
03/12/24 00:44:00,0.01727578876470588
03/12/24 00:45:00,0.019644809176470587
03/12/24 00:46:00,0.018884008235294115
03/12/24 00:47:00,0.019857805473684213
03/12/24 00:48:00,0.021357357578947373
03/12/24 00:49:00,0.019803460842105266
03/12/24 00:50:00,0.019120173999999997
03/12/24 00:51:00,0.020420638764705876
03/12/24 00:52:00,0.017868722999999996
03/12/24 00:53:00,0.016991484235294115
03/12/24 00:54:00,0.017056805470588233
03/12/24 00:55:00,0.012005275888888887
03/12/24 00:56:00,0.010419741210526315
03/12/24 00:57:00,0.010307253263157895
03/12/24 00:58:00,0.01092307752631579
03/12/24 00:59:00,0.01210781447368421
03/12/24 01:00:00,0.013307495421052633
03/12/24 01:01:00,0.014257738263157897
03/12/24 01:02:00,0.013339348578947368
03/12/24 01:03:00,0.013523221684210529
03/12/24 01:04:00,0.011264550631578945
03/12/24 01:05:00,0.01121694325
03/12/24 01:06:00,0.014219159124999999
03/12/24 01:07:00,0.015381623312499995
03/12/24 01:08:00,0.015106204124999995
03/12/24 01:09:00,0.015881638625
03/12/24 01:10:00,0.013364713882352941
03/12/24 01:11:00,0.014231452250000002
03/12/24 01:12:00,0.015232754687500002
03/12/24 01:13:00,0.012618028437500001
03/12/24 01:14:00,0.013046555437500001
03/12/24 01:15:00,0.010561868944444443
03/12/24 01:16:00,0.0091435198125
03/12/24 01:17:00,0.013948370692307695
03/12/24 01:18:00,0.014698946923076923
03/12/24 01:19:00,0.014181352384615382
03/12/24 01:20:00,0.015157227153846153
03/12/24 01:21:00,0.0130100960625
03/12/24 01:22:00,0.0137106784375
03/12/24 01:23:00,0.01949800892857143
03/12/24 01:24:00,0.021041606071428572
03/12/24 01:25:00,0.020403475499999997
03/12/24 01:26:00,0.020132334071428573
03/12/24 01:27:00,0.017983654352941178
03/12/24 01:28:00,0.017864993842105263
03/12/24 01:29:00,0.018433841052631576
03/12/24 01:30:00,0.02110881457894737
03/12/24 01:31:00,0.020463538736842105
03/12/24 01:32:00,0.019104791684210528
03/12/24 01:33:00,0.01935108305263158
03/12/24 01:34:00,0.017969224684210527
03/12/24 01:35:00,0.014710413368421058
03/12/24 01:36:00,0.01408311721052632
03/12/24 01:37:00,0.013201240947368428
03/12/24 01:38:00,0.010839120235294116
03/12/24 01:39:00,0.010131767230769233
03/12/24 01:40:00,0.010550576444444447
03/12/24 01:41:00,0.007763369600000015
03/12/24 01:42:00,0.004632571000000141
03/12/24 10:13:00,0.004850195500000001
03/12/24 10:14:00,0.004447624833333332
03/12/24 10:15:00,0.004674071
03/12/24 10:16:00,0.0047051425
03/12/24 10:17:00,0.005142566333333333
03/12/24 10:18:00,0.005367984210526316
03/12/24 10:19:00,0.006047574684210528
03/12/24 10:20:00,0.0060365834736842115
03/12/24 10:21:00,0.0059028436315789485
03/12/24 10:22:00,0.007528271105263159
03/12/24 10:23:00,0.008176544
03/12/24 10:24:00,0.010493606176470587
03/12/24 10:25:00,0.01033098188235294
03/12/24 10:26:00,0.01059521923529412
03/12/24 10:27:00,0.008601589411764709
03/12/24 10:28:00,0.006534243375
03/12/24 10:29:00,0.006359086714285715
03/12/24 10:30:00,0.006708221300000002
03/12/24 10:31:00,0.006974742333333334
03/12/24 10:32:00,0.008559132666666665
03/12/24 10:33:00,0.011771978750000002
03/12/24 10:34:00,0.014557331250000003
03/12/24 10:35:00,0.013099163166666665
03/12/24 10:36:00,0.013167194750000003
03/12/24 10:37:00,0.012428035684210526
03/12/24 10:38:00,0.011534846421052632
03/12/24 10:39:00,0.011192865210526315
03/12/24 10:40:00,0.009704396210526314
03/12/24 10:41:00,0.009940580631578946
03/12/24 10:42:00,0.010403118789473687
03/12/24 10:43:00,0.01013962694736842
03/12/24 10:44:00,0.010638692263157895
03/12/24 10:45:00,0.010362250631578947
03/12/24 10:46:00,0.010697935947368424
03/12/24 10:47:00,0.01102457010526316
03/12/24 10:48:00,0.012163404842105265
03/12/24 10:49:00,0.011376554157894736
03/12/24 10:50:00,0.010998275894736845
03/12/24 10:51:00,0.01110583894736842
03/12/24 10:52:00,0.010352884789473686
03/12/24 10:53:00,0.009204546052631575
03/12/24 10:54:00,0.010373133368421055
03/12/24 10:55:00,0.009818676526315791
03/12/24 10:56:00,0.009463439526315787
03/12/24 10:57:00,0.008844092263157901
03/12/24 10:58:00,0.0074231262105263155
03/12/24 10:59:00,0.008084708736842106
03/12/24 11:00:00,0.008453922736842102
03/12/24 11:01:00,0.009964678631578947
03/12/24 11:02:00,0.01156209426315789
03/12/24 11:03:00,0.013654290157894735
03/12/24 11:04:00,0.013941671399999992
03/12/24 11:05:00,0.014914177818181808
03/12/24 11:06:00,0.016047320142857133
03/12/24 11:07:00,0.01660492333333326
03/12/24 11:11:00,0.004415556999999959
03/12/24 11:12:00,0.010292048499999982
03/12/24 11:13:00,0.010255017799999998
03/12/24 11:14:00,0.011228238357142864
03/12/24 11:15:00,0.013066422666666662
03/12/24 11:16:00,0.015121060473684198
03/12/24 11:17:00,0.014455378315789481
03/12/24 11:18:00,0.016835971263157893
03/12/24 11:19:00,0.016951118789473682
03/12/24 11:20:00,0.017073314470588234
03/12/24 11:21:00,0.017470974230769234
03/12/24 11:22:00,0.018919754999999983
03/12/24 11:23:00,0.016298030399999996
03/12/24 11:24:00,0.011136792999999923
03/12/24 12:02:00,0.006323954500000007
03/12/24 12:03:00,0.006323954500000007
03/12/24 12:04:00,0.006323954500000007
03/12/24 12:05:00,0.006323954500000007
03/12/24 12:06:00,0.004874392000000061
03/12/24 14:05:00,0.013526495499999997
03/12/24 14:06:00,0.017635120833333334
03/12/24 14:07:00,0.0149003759
03/12/24 14:08:00,0.015914695785714285
03/12/24 14:09:00,0.01531217938888889
03/12/24 14:10:00,0.014796467473684209
03/12/24 14:11:00,0.015792510736842104
03/12/24 14:12:00,0.016336290421052634
03/12/24 14:13:00,0.017920079157894737
03/12/24 14:14:00,0.020642548
03/12/24 14:15:00,0.021804301368421056
03/12/24 14:16:00,0.02054411684210527
03/12/24 14:17:00,0.020102362789473686
03/12/24 14:18:00,0.018201956736842103
03/12/24 14:19:00,0.017473684631578945
03/12/24 14:20:00,0.016054747999999994
03/12/24 14:21:00,0.015578422105263156
03/12/24 14:22:00,0.016833024473684205
03/12/24 14:23:00,0.016278746684210525
03/12/24 14:24:00,0.01525398884210527
03/12/24 14:25:00,0.013491607368421055
03/12/24 14:26:00,0.013665673421052632
03/12/24 14:27:00,0.012256607578947374
03/12/24 14:28:00,0.015216898368421059
03/12/24 14:29:00,0.014789207444444452
03/12/24 14:30:00,0.016734009785714297
03/12/24 14:31:00,0.02259054507142858
03/12/24 14:32:00,0.024269152285714295
03/12/24 14:33:00,0.023262086714285726
03/12/24 14:34:00,0.019247501133333334
03/12/24 14:35:00,0.018471163894736842
03/12/24 14:36:00,0.019819775157894737
03/12/24 14:37:00,0.019475644157894736
03/12/24 14:38:00,0.02072547505263158
03/12/24 14:39:00,0.022459650999999997
03/12/24 14:40:00,0.022783552421052636
03/12/24 14:41:00,0.02451432747058824
03/12/24 14:42:00,0.028170997666666666
03/12/24 14:43:00,0.028576053466666664
03/12/24 14:44:00,0.02556918200000001
03/12/24 14:45:00,0.026116319666666672
03/12/24 14:46:00,0.024555817352941173
03/12/24 14:47:00,0.02299022589473684
03/12/24 14:48:00,0.022881862789473684
03/12/24 14:49:00,0.02602968947368421
03/12/24 14:50:00,0.025542805736842106
03/12/24 14:51:00,0.02354238621052632
03/12/24 14:52:00,0.020560320105263156
03/12/24 14:53:00,0.01929322436842105
03/12/24 14:54:00,0.01610291605263157
03/12/24 14:55:00,0.016936369684210525
03/12/24 14:56:00,0.016034480499999993
03/12/24 14:57:00,0.01732758457142856
03/12/24 14:58:00,0.01577664179999998
03/12/24 14:59:00,0.01571236633333332
03/12/24 15:00:00,0.012374020999999956
03/12/24 15:02:00,0.004887437250000015
03/12/24 15:03:00,0.006276650125000004
03/12/24 15:04:00,0.008185585750000002
03/12/24 15:05:00,0.008321734750000004
03/12/24 15:06:00,0.008682855368421049
03/12/24 15:07:00,0.010906646578947366
03/12/24 15:08:00,0.01207589136842105
03/12/24 15:09:00,0.010955321736842105
03/12/24 15:10:00,0.011111985210526318
03/12/24 15:11:00,0.010335976684210532
03/12/24 15:12:00,0.009053709736842105
03/12/24 15:13:00,0.00849748131578947
03/12/24 15:14:00,0.0077236465263157885
03/12/24 15:15:00,0.007469814473684212
03/12/24 15:16:00,0.007646608473684205
03/12/24 15:17:00,0.006716903789473684
03/12/24 15:18:00,0.007671377526315795
03/12/24 15:19:00,0.007045661894736847
03/12/24 15:20:00,0.0072120779999999985
03/12/24 15:21:00,0.007163869736842109
03/12/24 15:22:00,0.007925789315789472
03/12/24 15:23:00,0.007301943894736842
03/12/24 15:24:00,0.008121614105263155
03/12/24 15:25:00,0.008270360894736855
03/12/24 15:26:00,0.008391638684210527
03/12/24 15:27:00,0.008543719157894734
03/12/24 15:28:00,0.0073345447368421005
03/12/24 15:29:00,0.008683923578947376
03/12/24 15:30:00,0.008479823529411758
03/12/24 15:31:00,0.009056166235294124
03/12/24 15:32:00,0.009024818941176453
03/12/24 15:33:00,0.009266299823529413
03/12/24 15:34:00,0.0072539320000000055
03/12/24 15:35:00,0.008382509473684217
03/12/24 15:36:00,0.0077309567894736754
03/12/24 15:37:00,0.0070934279473684
03/12/24 15:38:00,0.006985769578947359
03/12/24 15:39:00,0.007343159473684206
03/12/24 15:40:00,0.006038136666666662
03/12/24 15:41:00,0.006293508785714298
03/12/24 15:42:00,0.006485108900000025
03/12/24 15:43:00,0.006054642166666661
03/12/24 15:44:00,0.005626990000000109
03/12/24 15:45:00,0.008458601000000066
03/12/24 15:46:00,0.0071258575714286156
03/12/24 15:47:00,0.0065996193636364
03/12/24 15:48:00,0.006456818466666666
03/12/24 15:49:00,0.006504670157894739
03/12/24 15:50:00,0.005667723833333335
03/12/24 15:51:00,0.005716450285714293
03/12/24 15:52:00,0.005584871199999997
03/12/24 15:53:00,0.0058271981666666575
03/12/24 15:54:00,0.004146379500000075
03/12/24 15:56:00,0.0035607380000000077
03/12/24 15:57:00,0.006448681666666679
03/12/24 15:58:00,0.006467829300000006
03/12/24 15:59:00,0.006138886571428566
03/12/24 16:00:00,0.005998248055555551
03/12/24 16:01:00,0.006368084842105258
03/12/24 16:02:00,0.006123485789473684
03/12/24 16:03:00,0.006139869421052625
03/12/24 16:04:00,0.007412572999999991
03/12/24 16:05:00,0.007632840571428577
03/12/24 16:06:00,0.007837449399999974
03/12/24 16:07:00,0.009409054166666634
03/12/24 16:08:00,0.0157292014999999
03/12/24 16:18:00,0.007158591499999978
03/12/24 16:19:00,0.006398995124999973
03/12/24 16:20:00,0.006623641083333316
03/12/24 16:21:00,0.006549789937499995
03/12/24 16:22:00,0.0067075118947368395
03/12/24 16:23:00,0.006320661947368415
03/12/24 16:24:00,0.0060322049999999945
03/12/24 16:25:00,0.006162740210526313
03/12/24 16:26:00,0.006215103187499987
03/12/24 16:27:00,0.00623945116666665
03/12/24 16:28:00,0.006561807874999992
03/12/24 16:29:00,0.006742079000000012
03/12/24 20:19:00,0.015731340000000003
03/12/24 20:20:00,0.020862650499999996
03/12/24 20:21:00,0.02493961449999999
03/12/24 20:22:00,0.02438373142857143
03/12/24 20:23:00,0.0232140125
03/12/24 20:24:00,0.022702920578947364
03/12/24 20:25:00,0.020314876947368426
03/12/24 20:26:00,0.016380244473684212
03/12/24 20:27:00,0.013895590684210524
03/12/24 20:28:00,0.01502262805263158
03/12/24 20:29:00,0.015924589210526315
03/12/24 20:30:00,0.018278786894736835
03/12/24 20:31:00,0.01939678531578948
03/12/24 20:32:00,0.021410394263157894
03/12/24 20:33:00,0.01773940194736842
03/12/24 20:34:00,0.01572718315789474
03/12/24 20:35:00,0.014122562421052634
03/12/24 20:36:00,0.014438020157894731
03/12/24 20:37:00,0.0134254502631579
03/12/24 20:38:00,0.016439115894736837
03/12/24 20:39:00,0.01837845584210526
03/12/24 20:40:00,0.018638876105263158
03/12/24 20:41:00,0.017531237157894737
03/12/24 20:42:00,0.018139169526315793
03/12/24 20:43:00,0.016851809421052622
03/12/24 20:44:00,0.01729606868421053
03/12/24 20:45:00,0.01660187310526316
03/12/24 20:46:00,0.01730067110526316
03/12/24 20:47:00,0.016610793789473697
03/12/24 20:48:00,0.01748483531578948
03/12/24 20:49:00,0.020064969947368422
03/12/24 20:50:00,0.01869695705263159
03/12/24 20:51:00,0.017269208157894747
03/12/24 20:52:00,0.016556344000000008
03/12/24 20:53:00,0.016980338578947367
03/12/24 20:54:00,0.013944345894736856
03/12/24 20:55:00,0.015794896789473694
03/12/24 20:56:00,0.01572334242105261
03/12/24 20:57:00,0.013125009210526313
03/12/24 20:58:00,0.011152502578947374
03/12/24 20:59:00,0.009575235684210516
03/12/24 21:00:00,0.006624153157894751
03/12/24 21:01:00,0.006276046947368409
03/12/24 21:02:00,0.006143487421052616
03/12/24 21:03:00,0.005847725999999995
03/12/24 21:04:00,0.00549344557894737
03/12/24 21:05:00,0.005273493526315792
03/12/24 21:06:00,0.005360808631578944
03/12/24 21:07:00,0.005786142210526325
03/12/24 21:08:00,0.006171830263157882
03/12/24 21:09:00,0.005648561684210527
03/12/24 21:10:00,0.0060325058421052576
03/12/24 21:11:00,0.006112182473684222
03/12/24 21:12:00,0.0062480865263157695
03/12/24 21:13:00,0.00633176563157896
03/12/24 21:14:00,0.006597285894736843
03/12/24 21:15:00,0.006683564842105282
03/12/24 21:16:00,0.006638830842105271
03/12/24 21:17:00,0.006537588842105254
03/12/24 21:18:00,0.005904137578947361
03/12/24 21:19:00,0.005925165578947376
03/12/24 21:20:00,0.005485686578947377
03/12/24 21:21:00,0.005345847105263144
03/12/24 21:22:00,0.0055692359473684325
03/12/24 21:23:00,0.005849983315789488
03/12/24 21:24:00,0.006169543947368421
03/12/24 21:25:00,0.006147964526315795
03/12/24 21:26:00,0.005941991947368407
03/12/24 21:27:00,0.005262134736842111
03/12/24 21:28:00,0.0049036196842105265
03/12/24 21:29:00,0.005123167789473684
03/12/24 21:30:00,0.005719383789473681
03/12/24 21:31:00,0.005829841315789482
03/12/24 21:32:00,0.005940544789473672
03/12/24 21:33:00,0.005739943684210538
03/12/24 21:34:00,0.0055954668947368535
03/12/24 21:35:00,0.005420638473684195
03/12/24 21:36:00,0.0052439676315789475
03/12/24 21:37:00,0.005356286105263163
03/12/24 21:38:00,0.005526222315789475
03/12/24 21:39:00,0.006236909736842094
03/12/24 21:40:00,0.006173276052631592
03/12/24 21:41:00,0.006392511736842094
03/12/24 21:42:00,0.006390685315789475
03/12/24 21:43:00,0.006173704947368439
03/12/24 21:44:00,0.006190210736842105
03/12/24 21:45:00,0.007028151
03/12/24 21:46:00,0.006809926947368425
03/12/24 21:47:00,0.007109225368421067
03/12/24 21:48:00,0.0070929306842105215
03/12/24 21:49:00,0.006666393421052616
03/12/24 21:50:00,0.006193418333333324
03/12/24 21:51:00,0.006289634642857145
03/12/24 21:52:00,0.006232014799999997
03/12/24 21:53:00,0.006859384166666649
03/12/24 21:54:00,0.006511707999999895
03/12/24 00:33:00,0.016284346999999998
03/12/24 00:34:00,0.016284346999999998
03/12/24 00:35:00,0.016284346999999998
03/12/24 00:36:00,0.016284346999999998
03/12/24 00:37:00,0.016284346999999998
03/12/24 01:17:00,0.11068469950000001
03/12/24 01:18:00,0.07810345233333335
03/12/24 01:19:00,0.07810345233333334
03/12/24 01:20:00,0.07810345233333334
03/12/24 01:21:00,0.012940958000000002
03/12/24 01:23:00,0.03981599899999999
03/12/24 01:24:00,0.03981599899999999
03/12/24 01:25:00,0.03981599899999999
03/12/24 01:26:00,0.03981599899999999
03/12/24 10:41:00,0.01697792799999999
03/12/24 10:42:00,0.01697792799999999
03/12/24 10:43:00,0.01697792799999999
03/12/24 10:44:00,0.01697792799999999
03/12/24 10:45:00,0.01697792799999999
03/12/24 21:00:00,0.011067500999999993
03/12/24 21:01:00,0.011067500999999993
03/12/24 21:02:00,0.011067500999999993
03/12/24 21:03:00,0.011067500999999993
03/12/24 21:04:00,0.011067500999999993
03/12/24 21:06:00,0.01251724066666667
03/12/24 21:07:00,0.01251724066666667
03/12/24 21:08:00,0.01251724066666667
03/12/24 21:09:00,0.01251724066666667
03/12/24 21:10:00,0.013506920500000005
02/12/24 23:46:00,0.009189799999999998
02/12/24 23:47:00,0.009189799999999998
02/12/24 23:48:00,0.009189799999999998
02/12/24 23:49:00,0.009189799999999998
02/12/24 23:50:00,0.009189799999999998
03/12/24 00:34:00,0.018447865000000008
03/12/24 00:35:00,0.018447865000000008
03/12/24 00:36:00,0.018447865000000008
03/12/24 00:37:00,0.018447865000000008
03/12/24 00:38:00,0.018447865000000008
03/12/24 01:30:00,0.012285925000000003
03/12/24 01:31:00,0.011344137000000004
03/12/24 01:32:00,0.011344137000000002
03/12/24 01:33:00,0.011344137000000004
03/12/24 01:34:00,0.011344137000000006
03/12/24 10:41:00,0.013371836000000005
03/12/24 10:42:00,0.013371836000000005
03/12/24 10:43:00,0.013371836000000003
03/12/24 10:44:00,0.013371836000000005
03/12/24 21:06:00,0.010375998
03/12/24 21:07:00,0.010375998
03/12/24 21:08:00,0.010375998
03/12/24 21:09:00,0.010375998000000003
03/12/24 21:10:00,0.010375998
03/12/24 10:35:00,0.005400011999999996
03/12/24 10:36:00,0.005400011999999996
03/12/24 10:37:00,0.005400011999999996
03/12/24 10:38:00,0.005400011999999996
03/12/24 10:39:00,0.005400011999999996
02/12/24 23:46:00,0.02962108499999999
02/12/24 23:47:00,0.02962108499999999
02/12/24 23:48:00,0.02962108499999999
02/12/24 23:49:00,0.02962108499999999
03/12/24 00:27:00,0.18161520400000003
03/12/24 00:28:00,0.18161520400000003
03/12/24 00:29:00,0.18161520400000003
03/12/24 00:42:00,0.305383721
03/12/24 00:43:00,0.305383721
03/12/24 00:44:00,0.157216333
03/12/24 00:45:00,0.157216333
03/12/24 00:46:00,0.00904894500000003
03/12/24 00:47:00,0.00904894500000003
03/12/24 00:48:00,0.00904894500000003
03/12/24 14:18:00,0.015922671
03/12/24 14:19:00,0.015922671
03/12/24 14:20:00,0.015922671
03/12/24 14:21:00,0.015922671
03/12/24 14:22:00,0.015922671
03/12/24 14:31:00,0.339518242
03/12/24 14:32:00,0.339518242
03/12/24 14:33:00,0.339518242
03/12/24 14:47:00,0.01662607599999999
03/12/24 14:48:00,0.01662607599999999
03/12/24 14:49:00,0.01662607599999999
03/12/24 14:50:00,0.01662607599999999
03/12/24 20:57:00,0.020149697999999994
03/12/24 20:58:00,0.020149697999999994
03/12/24 20:59:00,0.020149697999999994
03/12/24 21:00:00,0.020149697999999994
03/12/24 21:01:00,0.020149697999999994
03/12/24 21:06:00,0.0142619009999998
03/12/24 21:07:00,0.0142619009999998
03/12/24 21:08:00,0.0142619009999998
03/12/24 21:09:00,0.0142619009999998
03/12/24 21:10:00,0.0142619009999998
02/12/24 22:45:00,0.028931541499999998
02/12/24 22:46:00,0.02822817266666667
02/12/24 22:47:00,0.023282788700000005
02/12/24 22:48:00,0.02298233742857143
02/12/24 22:49:00,0.0207756447200974
02/12/24 22:50:00,0.01824624215789474
02/12/24 22:51:00,0.017471373052631578
02/12/24 22:52:00,0.021956695470588233
02/12/24 22:53:00,0.020959829705882352
02/12/24 22:54:00,0.022211941882352943
02/12/24 22:55:00,0.0224200855
02/12/24 22:56:00,0.028160112857142854
02/12/24 22:57:00,0.024034655125
02/12/24 22:58:00,0.025924764375
02/12/24 22:59:00,0.0250777399375
02/12/24 23:00:00,0.021910054466666665
02/12/24 23:01:00,0.026320255764705883
02/12/24 23:02:00,0.024086209294117648
02/12/24 23:03:00,0.023068648411764706
02/12/24 23:04:00,0.0232099806875
02/12/24 23:05:00,0.022026458375000002
02/12/24 23:06:00,0.020758461374999995
02/12/24 23:07:00,0.0207704515625
02/12/24 23:08:00,0.0198398319375
02/12/24 23:09:00,0.019843186399999994
02/12/24 23:10:00,0.01945450888235294
02/12/24 23:11:00,0.01938510035294118
02/12/24 23:12:00,0.019715090941176475
02/12/24 23:13:00,0.017400038470588235
02/12/24 23:14:00,0.017579764052631577
02/12/24 23:15:00,0.016768422947368418
02/12/24 23:16:00,0.01681799357894737
02/12/24 23:17:00,0.015639901789473682
02/12/24 23:18:00,0.013513755947368422
02/12/24 23:19:00,0.01378903605263158
02/12/24 23:20:00,0.015179573499999998
02/12/24 23:21:00,0.018968321294117647
02/12/24 23:22:00,0.022571627588235294
02/12/24 23:23:00,0.023757730352941174
02/12/24 23:24:00,0.02355070494117647
02/12/24 23:25:00,0.019837586206191127
02/12/24 23:26:00,0.020035911578947366
02/12/24 23:27:00,0.018701496105263154
02/12/24 23:28:00,0.017514631052631575
02/12/24 23:29:00,0.01713419157894737
02/12/24 23:30:00,0.017298715736842107
02/12/24 23:31:00,0.016985202578947364
02/12/24 23:32:00,0.018031356894736842
02/12/24 23:33:00,0.019316715789473683
02/12/24 23:34:00,0.021011636578947366
02/12/24 23:35:00,0.019460080157894733
02/12/24 23:36:00,0.0190324192631579
02/12/24 23:37:00,0.019317761105263162
02/12/24 23:38:00,0.01551668184210526
02/12/24 23:39:00,0.016862488421052636
02/12/24 23:40:00,0.016202777894736852
02/12/24 23:41:00,0.013973690842105266
02/12/24 23:42:00,0.017419063999999998
02/12/24 23:43:00,0.018318393875000005
02/12/24 23:44:00,0.02061553975000001
02/12/24 23:45:00,0.020098597937500004
02/12/24 23:46:00,0.0181499673125
02/12/24 23:47:00,0.01909134110526316
02/12/24 23:48:00,0.020352167210526316
02/12/24 23:49:00,0.02177631405263158
02/12/24 23:50:00,0.022547266263157898
02/12/24 23:51:00,0.02305900889473684
02/12/24 23:52:00,0.021975428684210527
02/12/24 23:53:00,0.020639813947368423
02/12/24 23:54:00,0.018603085631578954
02/12/24 23:55:00,0.018751122052631578
02/12/24 23:56:00,0.016795680368421058
02/12/24 23:57:00,0.014838249368421059
02/12/24 23:58:00,0.015302337473684204
02/12/24 23:59:00,0.014441338894736842
03/12/24 00:00:00,0.014975223526315792
03/12/24 00:01:00,0.017523153157894746
03/12/24 00:02:00,0.01849625105263158
03/12/24 00:03:00,0.017490615105263153
03/12/24 00:04:00,0.018764177578947376
03/12/24 00:05:00,0.018459047
03/12/24 00:06:00,0.01766331636842105
03/12/24 00:07:00,0.01805344721052631
03/12/24 00:08:00,0.01979709947368421
03/12/24 00:09:00,0.017410498631578935
03/12/24 00:10:00,0.015059894578947379
03/12/24 00:11:00,0.012214324421052636
03/12/24 00:12:00,0.010117218736842104
03/12/24 00:13:00,0.011482445631578953
03/12/24 00:14:00,0.01435493526315789
03/12/24 00:15:00,0.015321413684210512
03/12/24 00:16:00,0.017420928789473697
03/12/24 00:17:00,0.01662666057894736
03/12/24 00:18:00,0.015276583210526325
03/12/24 00:19:00,0.013457435105263158
03/12/24 00:20:00,0.013784403789473699
03/12/24 00:21:00,0.013342820421052615
03/12/24 00:22:00,0.013263167421052637
03/12/24 00:23:00,0.013239059105263141
03/12/24 00:24:00,0.013616355368421042
03/12/24 00:25:00,0.016846600947368427
03/12/24 00:26:00,0.019467392411764723
03/12/24 00:27:00,0.02281720305882353
03/12/24 00:28:00,0.023576111058823526
03/12/24 00:29:00,0.023943698470588262
03/12/24 00:30:00,0.024001419882352944
03/12/24 00:31:00,0.019835816
03/12/24 00:32:00,0.023536448470588237
03/12/24 00:33:00,0.024722961705882354
03/12/24 00:34:00,0.02360680705882353
03/12/24 00:35:00,0.023909707411764704
03/12/24 00:36:00,0.01868599911821263
03/12/24 00:37:00,0.016858117684210527
03/12/24 00:38:00,0.01704192957894737
03/12/24 00:39:00,0.018068200473684213
03/12/24 00:40:00,0.017827634000000002
03/12/24 00:41:00,0.02031659178947369
03/12/24 00:42:00,0.026150490437500003
03/12/24 00:43:00,0.02463875025
03/12/24 00:44:00,0.023677341875000004
03/12/24 00:45:00,0.024281473625000004
03/12/24 00:46:00,0.01946027025
03/12/24 00:47:00,0.018916573315789473
03/12/24 00:48:00,0.01909122205263158
03/12/24 00:49:00,0.018296567894736843
03/12/24 00:50:00,0.016098744105263157
03/12/24 00:51:00,0.018946208235294117
03/12/24 00:52:00,0.018173260764705882
03/12/24 00:53:00,0.019177846117647057
03/12/24 00:54:00,0.019941604176470586
03/12/24 00:55:00,0.015311952588235296
03/12/24 00:56:00,0.015077177684210526
03/12/24 00:57:00,0.014773203894736846
03/12/24 00:58:00,0.014323519947368421
03/12/24 00:59:00,0.015034733842105264
03/12/24 01:00:00,0.015411140157894737
03/12/24 01:01:00,0.01591018521052632
03/12/24 01:02:00,0.016970626157894735
03/12/24 01:03:00,0.014409123578947367
03/12/24 01:04:00,0.013398689368421054
03/12/24 01:05:00,0.013155467588235296
03/12/24 01:06:00,0.01899139276470588
03/12/24 01:07:00,0.01872666223529412
03/12/24 01:08:00,0.019757451058823535
03/12/24 01:09:00,0.02076663952941177
03/12/24 01:10:00,0.014265021333333334
03/12/24 01:11:00,0.01964528170588235
03/12/24 01:12:00,0.01910800564705882
03/12/24 01:13:00,0.018810789764705883
03/12/24 01:14:00,0.02072770529411765
03/12/24 01:15:00,0.018364599233117875
03/12/24 01:16:00,0.016627652352941176
03/12/24 01:17:00,0.01695569476923077
03/12/24 01:18:00,0.020295141076923078
03/12/24 01:19:00,0.020846101538461538
03/12/24 01:20:00,0.022629044076923076
03/12/24 01:21:00,0.0184292246
03/12/24 01:22:00,0.01862231047058823
03/12/24 01:23:00,0.025072299928571424
03/12/24 01:24:00,0.02448396357142857
03/12/24 01:25:00,0.02318810407142857
03/12/24 01:26:00,0.023234866928571428
03/12/24 01:27:00,0.019202082187500004
03/12/24 01:28:00,0.019025996
03/12/24 01:29:00,0.01854729231578948
03/12/24 01:30:00,0.017496850368421055
03/12/24 01:31:00,0.017328875736842105
03/12/24 01:32:00,0.017585140000000003
03/12/24 01:33:00,0.016537601315789477
03/12/24 01:34:00,0.015858763000000005
03/12/24 01:35:00,0.01632885363157895
03/12/24 01:36:00,0.017398457842105263
03/12/24 01:37:00,0.015711558105263153
03/12/24 01:38:00,0.016142846789473687
03/12/24 01:39:00,0.014894491894736843
03/12/24 01:40:00,0.013638382352941177
03/12/24 01:41:00,0.011912680076923076
03/12/24 01:42:00,0.009467113777777782
03/12/24 01:43:00,0.008663487400000001
03/12/24 01:44:00,0.012136220000000142
03/12/24 10:13:00,0.007233713999999998
03/12/24 10:14:00,0.006097448999999999
03/12/24 10:15:00,0.0078608608
03/12/24 10:16:00,0.007356901214285712
03/12/24 10:17:00,0.007203541333333333
03/12/24 10:18:00,0.007168277842105264
03/12/24 10:19:00,0.007258478578947367
03/12/24 10:20:00,0.0065788936842105265
03/12/24 10:21:00,0.0069960985263157905
03/12/24 10:22:00,0.007455751736842106
03/12/24 10:23:00,0.0077349275000000006
03/12/24 10:24:00,0.01202092194117647
03/12/24 10:25:00,0.011950979470588234
03/12/24 10:26:00,0.012220884588235295
03/12/24 10:27:00,0.012431444058823527
03/12/24 10:28:00,0.00967925511764706
03/12/24 10:29:00,0.008886452071428573
03/12/24 10:30:00,0.0094628462
03/12/24 10:31:00,0.009618447666666669
03/12/24 10:32:00,0.009467158000000003
03/12/24 10:33:00,0.011598040333333327
03/12/24 10:34:00,0.017752699428571425
03/12/24 10:35:00,0.017286472181818183
03/12/24 10:36:00,0.0153054254
03/12/24 10:37:00,0.01427997147368421
03/12/24 10:38:00,0.013358307421052634
03/12/24 10:39:00,0.012404760105263158
03/12/24 10:40:00,0.010612249631578948
03/12/24 10:41:00,0.011421913999999997
03/12/24 10:42:00,0.011217282315789475
03/12/24 10:43:00,0.01050593357894737
03/12/24 10:44:00,0.01231613152631579
03/12/24 10:45:00,0.013123386947368419
03/12/24 10:46:00,0.014128999736842106
03/12/24 10:47:00,0.014996684250000007
03/12/24 10:48:00,0.016175586999999995
03/12/24 10:49:00,0.014906427000000003
03/12/24 10:50:00,0.014324432399999998
03/12/24 10:51:00,0.014766457899999998
03/12/24 10:52:00,0.012339727157894734
03/12/24 10:53:00,0.013094342578947371
03/12/24 10:54:00,0.012362930368421047
03/12/24 10:55:00,0.011421473947368413
03/12/24 10:56:00,0.012930633473684214
03/12/24 10:57:00,0.013212317263157901
03/12/24 10:58:00,0.011711383631578942
03/12/24 10:59:00,0.012777745210526319
03/12/24 11:00:00,0.013429046052631574
03/12/24 11:01:00,0.014717987263157902
03/12/24 11:02:00,0.01732748615789475
03/12/24 11:03:00,0.01920366894736842
03/12/24 11:04:00,0.020017384000000003
03/12/24 11:05:00,0.022115095999999997
03/12/24 11:06:00,0.01900661385714285
03/12/24 11:07:00,0.01802779333333334
03/12/24 11:11:00,0.018711221
03/12/24 11:12:00,0.021427936166666644
03/12/24 11:13:00,0.016522331600000006
03/12/24 11:14:00,0.015896501214285697
03/12/24 11:15:00,0.017158417666666665
03/12/24 11:16:00,0.015981446368421057
03/12/24 11:17:00,0.014042317631578963
03/12/24 11:18:00,0.016962177421052625
03/12/24 11:19:00,0.01729801631578947
03/12/24 11:20:00,0.01773930794117647
03/12/24 11:21:00,0.01853621661538461
03/12/24 11:22:00,0.019542707555555525
03/12/24 11:23:00,0.0184515652
03/12/24 11:24:00,0.01657911099999998
03/12/24 12:02:00,0.008110210000000118
03/12/24 12:03:00,0.008110210000000118
03/12/24 12:04:00,0.008110210000000118
03/12/24 12:05:00,0.008110210000000118
03/12/24 12:06:00,0.008753502000000246
03/12/24 13:39:00,0.026777296499999992
03/12/24 13:40:00,0.024061086166666662
03/12/24 13:41:00,0.023570831999999996
03/12/24 13:42:00,0.02320497142857143
03/12/24 13:43:00,0.021829273388888886
03/12/24 13:44:00,0.019308168947368424
03/12/24 13:45:00,0.018334867631578954
03/12/24 13:46:00,0.017308541473684214
03/12/24 13:47:00,0.019999494823529414
03/12/24 13:48:00,0.02050460417647059
03/12/24 13:49:00,0.021154455705882355
03/12/24 13:50:00,0.021602320176470593
03/12/24 13:51:00,0.018658987125
03/12/24 13:52:00,0.018201738214285713
03/12/24 13:53:00,0.017965453699999998
03/12/24 13:54:00,0.0188233385
03/12/24 13:55:00,0.030012407500000005
03/12/24 13:58:00,0.015737685
03/12/24 13:59:00,0.014800327800000002
03/12/24 14:00:00,0.01614237
03/12/24 14:01:00,0.017590149769230765
03/12/24 14:02:00,0.018406947705882356
03/12/24 14:03:00,0.01875343489473684
03/12/24 14:04:00,0.020171201117647062
03/12/24 14:05:00,0.023949218823529413
03/12/24 14:06:00,0.02361051547058824
03/12/24 14:07:00,0.02131899117647059
03/12/24 14:08:00,0.02028213329411765
03/12/24 14:09:00,0.01628958652631579
03/12/24 14:10:00,0.015539310473684209
03/12/24 14:11:00,0.013997580842105261
03/12/24 14:12:00,0.01573308152631579
03/12/24 14:13:00,0.018315824105263157
03/12/24 14:14:00,0.021174747105263163
03/12/24 14:15:00,0.022374787947368417
03/12/24 14:16:00,0.02525985355555556
03/12/24 14:17:00,0.023238674222222224
03/12/24 14:18:00,0.02041428811111111
03/12/24 14:19:00,0.01951482216666667
03/12/24 14:20:00,0.01922640483333334
03/12/24 14:21:00,0.01844905736842105
03/12/24 14:22:00,0.02035216215789475
03/12/24 14:23:00,0.020514541157894733
03/12/24 14:24:00,0.020368034999999996
03/12/24 14:25:00,0.018611482157894734
03/12/24 14:26:00,0.018143124684210518
03/12/24 14:27:00,0.016810987894736836
03/12/24 14:28:00,0.015405422421052634
03/12/24 14:29:00,0.0153711817368421
03/12/24 14:30:00,0.014631312400000004
03/12/24 14:31:00,0.021191764071428566
03/12/24 14:32:00,0.024494846928571436
03/12/24 14:33:00,0.027383660785714286
03/12/24 14:34:00,0.02639513685714286
03/12/24 14:35:00,0.02433946394444444
03/12/24 14:36:00,0.023316167473684212
03/12/24 14:37:00,0.02027534810526316
03/12/24 14:38:00,0.02252196105263158
03/12/24 14:39:00,0.022946148315789474
03/12/24 14:40:00,0.025930396578947367
03/12/24 14:41:00,0.0283664435
03/12/24 14:42:00,0.0363561374
03/12/24 14:43:00,0.036179019933333334
03/12/24 14:44:00,0.03857677620000001
03/12/24 14:45:00,0.040871176333333335
03/12/24 14:46:00,0.039474413125
03/12/24 14:47:00,0.03679866921052631
03/12/24 14:48:00,0.03557255852631579
03/12/24 14:49:00,0.03611916384210526
03/12/24 14:50:00,0.03588132278947368
03/12/24 14:51:00,0.032346876000000004
03/12/24 14:52:00,0.029935076999999997
03/12/24 14:53:00,0.027829777578947373
03/12/24 14:54:00,0.026964100526315787
03/12/24 14:55:00,0.024253593210526326
03/12/24 14:56:00,0.02630201061111111
03/12/24 14:57:00,0.026282311928571427
03/12/24 14:58:00,0.026993288900000013
03/12/24 14:59:00,0.02321578983333335
03/12/24 15:00:00,0.0316715635
03/12/24 15:02:00,0.010871916749999988
03/12/24 15:03:00,0.009092538999999983
03/12/24 15:04:00,0.008334315333333325
03/12/24 15:05:00,0.008347079562499998
03/12/24 15:06:00,0.007898672315789468
03/12/24 15:07:00,0.00828566510526315
03/12/24 15:08:00,0.007921050263157889
03/12/24 15:09:00,0.008482818842105251
03/12/24 15:10:00,0.008203051473684199
03/12/24 15:11:00,0.00777912415789474
03/12/24 15:12:00,0.007228658684210508
03/12/24 15:13:00,0.007381245999999985
03/12/24 15:14:00,0.006918716631578935
03/12/24 15:15:00,0.006544296736842116
03/12/24 15:16:00,0.006835885842105242
03/12/24 15:17:00,0.007258220736842113
03/12/24 15:18:00,0.008025046473684195
03/12/24 15:19:00,0.007877183526315777
03/12/24 15:20:00,0.008079144368421049
03/12/24 15:21:00,0.008324074684210533
03/12/24 15:22:00,0.00840594084210526
03/12/24 15:23:00,0.008063593947368436
03/12/24 15:24:00,0.008008572157894727
03/12/24 15:25:00,0.008059754263157899
03/12/24 15:26:00,0.006573286157894748
03/12/24 15:27:00,0.006978572947368414
03/12/24 15:28:00,0.006577728421052654
03/12/24 15:29:00,0.007076805578947351
03/12/24 15:30:00,0.006970448499999998
03/12/24 15:31:00,0.0077092948333333175
03/12/24 15:32:00,0.007768291388888892
03/12/24 15:33:00,0.007436997555555541
03/12/24 15:34:00,0.0065512319444444396
03/12/24 15:35:00,0.006172423999999983
03/12/24 15:36:00,0.00577576789473683
03/12/24 15:37:00,0.00581827236842104
03/12/24 15:38:00,0.006030563789473683
03/12/24 15:39:00,0.006067300526315795
03/12/24 15:40:00,0.006148977588235293
03/12/24 15:41:00,0.006460762692307698
03/12/24 15:42:00,0.006030894222222224
03/12/24 15:43:00,0.006099330999999974
03/12/24 15:44:00,0.00654566649999988
03/12/24 15:45:00,0.01042616875000002
03/12/24 15:46:00,0.007846918375000012
03/12/24 15:47:00,0.007369339333333354
03/12/24 15:48:00,0.007070983249999995
03/12/24 15:49:00,0.00705417942105261
03/12/24 15:50:00,0.006159042411764701
03/12/24 15:51:00,0.006307609538461545
03/12/24 15:52:00,0.006334260111111106
03/12/24 15:53:00,0.006270019799999993
03/12/24 15:54:00,0.003949104999999786
03/12/24 15:56:00,0.004357323999999885
03/12/24 15:57:00,0.005430506499999988
03/12/24 15:58:00,0.005566753499999999
03/12/24 15:59:00,0.006057470357142865
03/12/24 16:00:00,0.006073110555555545
03/12/24 16:01:00,0.00643824010526316
03/12/24 16:02:00,0.006542790105263157
03/12/24 16:03:00,0.006515194947368414
03/12/24 16:04:00,0.006167978210526322
03/12/24 16:05:00,0.006027234066666675
03/12/24 16:06:00,0.0056349798181818
03/12/24 16:07:00,0.0054917557142856975
03/12/24 16:08:00,0.0054490849999999655
03/12/24 16:18:00,0.007857384250000043
03/12/24 16:19:00,0.0074017376250000155
03/12/24 16:20:00,0.007160155750000026
03/12/24 16:21:00,0.006806490312499997
03/12/24 16:22:00,0.006571601263157894
03/12/24 16:23:00,0.006086961789473678
03/12/24 16:24:00,0.006067323631578949
03/12/24 16:25:00,0.005888304947368431
03/12/24 16:26:00,0.005956589625000008
03/12/24 16:27:00,0.00616010924999999
03/12/24 16:28:00,0.0061063901250000266
03/12/24 16:29:00,0.006050341999999986
03/12/24 20:19:00,0.015528282000000006
03/12/24 20:20:00,0.01438439571428572
03/12/24 20:21:00,0.01588741336363637
03/12/24 20:22:00,0.01577765866666667
03/12/24 20:23:00,0.015302352105263156
03/12/24 20:24:00,0.01410472347368421
03/12/24 20:25:00,0.01361024957894737
03/12/24 20:26:00,0.011733264263157893
03/12/24 20:27:00,0.011056754210526314
03/12/24 20:28:00,0.013322346315789475
03/12/24 20:29:00,0.014470988947368417
03/12/24 20:30:00,0.015966027157894743
03/12/24 20:31:00,0.017096606421052634
03/12/24 20:32:00,0.016779181631578953
03/12/24 20:33:00,0.015183434052631577
03/12/24 20:34:00,0.012885963000000005
03/12/24 20:35:00,0.011632344157894737
03/12/24 20:36:00,0.01023780915789474
03/12/24 20:37:00,0.010176024157894734
03/12/24 20:38:00,0.010450620263157889
03/12/24 20:39:00,0.01119216521052632
03/12/24 20:40:00,0.011567482052631578
03/12/24 20:41:00,0.012438544263157896
03/12/24 20:42:00,0.013415960578947369
03/12/24 20:43:00,0.014714149315789474
03/12/24 20:44:00,0.014713545631578947
03/12/24 20:45:00,0.01344347894736842
03/12/24 20:46:00,0.01363965152631579
03/12/24 20:47:00,0.013515926789473682
03/12/24 20:48:00,0.014626581368421059
03/12/24 20:49:00,0.01482984926315791
03/12/24 20:50:00,0.017215002947368423
03/12/24 20:51:00,0.018859195421052643
03/12/24 20:52:00,0.01971683763157895
03/12/24 20:53:00,0.019160074263157897
03/12/24 20:54:00,0.020591511736842098
03/12/24 20:55:00,0.019437065999999985
03/12/24 20:56:00,0.018536539894736862
03/12/24 20:57:00,0.01376145047368422
03/12/24 20:58:00,0.011994801631578955
03/12/24 20:59:00,0.009251106315789475
03/12/24 21:00:00,0.006976632052631602
03/12/24 21:01:00,0.006307005631578939
03/12/24 21:02:00,0.006133330631578937
03/12/24 21:03:00,0.00631259621052632
03/12/24 21:04:00,0.006917972631578942
03/12/24 21:05:00,0.007351186473684216
03/12/24 21:06:00,0.007472907210526321
03/12/24 21:07:00,0.007843391000000012
03/12/24 21:08:00,0.00817996052631579
03/12/24 21:09:00,0.007335157105263148
03/12/24 21:10:00,0.007386816473684203
03/12/24 21:11:00,0.007228260999999987
03/12/24 21:12:00,0.006711567421052616
03/12/24 21:13:00,0.0064304448421052636
03/12/24 21:14:00,0.006331830000000009
03/12/24 21:15:00,0.006123998368421041
03/12/24 21:16:00,0.0062138699473684245
03/12/24 21:17:00,0.007456169947368436
03/12/24 21:18:00,0.00790842063157895
03/12/24 21:19:00,0.007619052473684223
03/12/24 21:20:00,0.0076492177368421045
03/12/24 21:21:00,0.007544758421052633
03/12/24 21:22:00,0.006318065052631573
03/12/24 21:23:00,0.0065327576842105365
03/12/24 21:24:00,0.0064671881052631676
03/12/24 21:25:00,0.006247187947368426
03/12/24 21:26:00,0.006263319421052639
03/12/24 21:27:00,0.006004057263157904
03/12/24 21:28:00,0.005986055368421053
03/12/24 21:29:00,0.006105546684210524
03/12/24 21:30:00,0.006155667631578949
03/12/24 21:31:00,0.005952096000000012
03/12/24 21:32:00,0.005708470736842102
03/12/24 21:33:00,0.005813279421052645
03/12/24 21:34:00,0.006041804052631562
03/12/24 21:35:00,0.006322654315789466
03/12/24 21:36:00,0.006356021315789478
03/12/24 21:37:00,0.006714409736842108
03/12/24 21:38:00,0.0059812596315789515
03/12/24 21:39:00,0.005785953210526323
03/12/24 21:40:00,0.0057774811578947234
03/12/24 21:41:00,0.006329636368421052
03/12/24 21:42:00,0.006346077105263154
03/12/24 21:43:00,0.006198052999999987
03/12/24 21:44:00,0.00663462921052633
03/12/24 21:45:00,0.0066445535263157775
03/12/24 21:46:00,0.006416771789473676
03/12/24 21:47:00,0.006823206052631577
03/12/24 21:48:00,0.00694999410526316
03/12/24 21:49:00,0.006831944684210538
03/12/24 21:50:00,0.006514108444444444
03/12/24 21:51:00,0.006540946071428586
03/12/24 21:52:00,0.006186373500000019
03/12/24 21:53:00,0.006486629499999971
03/12/24 21:54:00,0.005488664500000073
03/12/24 20:47:00,0.056156761
03/12/24 20:48:00,0.056156761
03/12/24 20:49:00,0.056156761
03/12/24 20:50:00,0.056156761
03/12/24 20:51:00,0.056156761
03/12/24 20:57:00,0.01407747399999959
03/12/24 20:58:00,0.01407747399999959
03/12/24 20:59:00,0.01407747399999959
03/12/24 21:00:00,0.01407747399999959
03/12/24 21:01:00,0.01407747399999959
03/12/24 21:06:00,0.011881087000000345
03/12/24 21:07:00,0.011881087000000345
03/12/24 21:08:00,0.011881087000000345
03/12/24 21:09:00,0.011881087000000345
03/12/24 10:13:00,0.0029976299999999994
03/12/24 10:14:00,0.0029976299999999994
03/12/24 10:15:00,0.0029976299999999994
03/12/24 10:16:00,0.0029976299999999994
03/12/24 10:17:00,0.0029976299999999994
02/12/24 23:09:00,0.014985075499999998
02/12/24 23:10:00,0.017625136666666666
02/12/24 23:11:00,0.018765596399999997
02/12/24 23:12:00,0.01947355742857143
02/12/24 23:13:00,0.019323962500000003
02/12/24 23:14:00,0.01808547315789474
02/12/24 23:15:00,0.019293402894736838
02/12/24 23:16:00,0.01757922821052632
02/12/24 23:17:00,0.01801886710526316
02/12/24 23:18:00,0.01871834231578947
02/12/24 23:19:00,0.0179808952631579
02/12/24 23:20:00,0.01525993170588235
02/12/24 23:21:00,0.01952969317647059
02/12/24 23:22:00,0.020769626647058823
02/12/24 23:23:00,0.022035998647058817
02/12/24 23:24:00,0.02457432811764705
02/12/24 23:25:00,0.020705703315789473
02/12/24 23:26:00,0.018617449684210523
02/12/24 23:27:00,0.016654636105263156
02/12/24 23:28:00,0.012737883684210529
02/12/24 23:29:00,0.012188552052631576
02/12/24 23:30:00,0.012516701368421056
02/12/24 23:31:00,0.012353866000000003
02/12/24 23:32:00,0.014219613526315787
02/12/24 23:33:00,0.015609858684210528
02/12/24 23:34:00,0.015372004000000003
02/12/24 23:35:00,0.015264692210526317
02/12/24 23:36:00,0.014924616052631581
02/12/24 23:37:00,0.013721161315789475
02/12/24 23:38:00,0.013869296894736838
02/12/24 23:39:00,0.013134410631578953
02/12/24 23:40:00,0.013732303315789476
02/12/24 23:41:00,0.013245243736842098
02/12/24 23:42:00,0.017082061352941175
02/12/24 23:43:00,0.017553788999999997
02/12/24 23:44:00,0.016273398823529413
02/12/24 23:45:00,0.01744351129411764
02/12/24 23:46:00,0.01550288782352941
02/12/24 23:47:00,0.015691476
02/12/24 23:48:00,0.016300370684210527
02/12/24 23:49:00,0.016233406000000002
02/12/24 23:50:00,0.015699864157894733
02/12/24 23:51:00,0.015568983421052632
02/12/24 23:52:00,0.015538094842105263
02/12/24 23:53:00,0.015050570210526313
02/12/24 23:54:00,0.015307879894736844
02/12/24 23:55:00,0.014730172789473688
02/12/24 23:56:00,0.013437235578947371
02/12/24 23:57:00,0.011896793
02/12/24 23:58:00,0.012670916473684214
02/12/24 23:59:00,0.013416245315789473
03/12/24 00:00:00,0.013350380684210525
03/12/24 00:01:00,0.013277994842105262
03/12/24 00:02:00,0.01372949326315789
03/12/24 00:03:00,0.013810743736842107
03/12/24 00:04:00,0.013295595052631577
03/12/24 00:05:00,0.014838438421052631
03/12/24 00:06:00,0.014753514421052634
03/12/24 00:07:00,0.014216847421052625
03/12/24 00:08:00,0.013238730736842102
03/12/24 00:09:00,0.012187823736842112
03/12/24 00:10:00,0.012501286789473692
03/12/24 00:11:00,0.010922429315789472
03/12/24 00:12:00,0.011187388052631583
03/12/24 00:13:00,0.012451010947368417
03/12/24 00:14:00,0.013077618947368428
03/12/24 00:15:00,0.01304204552631579
03/12/24 00:16:00,0.014692389894736842
03/12/24 00:17:00,0.013489153263157888
03/12/24 00:18:00,0.013551323736842103
03/12/24 00:19:00,0.011878699789473675
03/12/24 00:20:00,0.012994570210526314
03/12/24 00:21:00,0.012361858947368421
03/12/24 00:22:00,0.010892465578947356
03/12/24 00:23:00,0.010312797052631585
03/12/24 00:24:00,0.010087760684210524
03/12/24 00:25:00,0.009949840894736856
03/12/24 00:26:00,0.016150076294117667
03/12/24 00:27:00,0.01783664770588238
03/12/24 00:28:00,0.019484056294117647
03/12/24 00:29:00,0.019565944411764714
03/12/24 00:30:00,0.018479625117647062
03/12/24 00:31:00,0.01805626605882353
03/12/24 00:32:00,0.0219542936875
03/12/24 00:33:00,0.0209203596875
03/12/24 00:34:00,0.020267294625
03/12/24 00:35:00,0.0186519468125
03/12/24 00:36:00,0.01559032788888889
03/12/24 00:37:00,0.01526786236842105
03/12/24 00:38:00,0.01521881368421053
03/12/24 00:39:00,0.015816773
03/12/24 00:40:00,0.01536200105263158
03/12/24 00:41:00,0.014729547166666666
03/12/24 00:42:00,0.019925933749999996
03/12/24 00:43:00,0.019429068624999997
03/12/24 00:44:00,0.019295503375
03/12/24 00:45:00,0.020371028562499994
03/12/24 00:46:00,0.016015413176470587
03/12/24 00:47:00,0.016893588
03/12/24 00:48:00,0.018385658368421053
03/12/24 00:49:00,0.017828296578947366
03/12/24 00:50:00,0.01948191388888889
03/12/24 00:51:00,0.024275542647058827
03/12/24 00:52:00,0.02197438052941177
03/12/24 00:53:00,0.021899405529411768
03/12/24 00:54:00,0.021766477176470594
03/12/24 00:55:00,0.016648275055555557
03/12/24 00:56:00,0.016890303368421053
03/12/24 00:57:00,0.01737909905263158
03/12/24 00:58:00,0.016690913263157896
03/12/24 00:59:00,0.017964938789473684
03/12/24 01:00:00,0.016605641105263157
03/12/24 01:01:00,0.015328949578947367
03/12/24 01:02:00,0.01646892505263157
03/12/24 01:03:00,0.01638884936842105
03/12/24 01:04:00,0.014795363263157895
03/12/24 01:05:00,0.015384736999999996
03/12/24 01:06:00,0.018914309874999993
03/12/24 01:07:00,0.020216650812499994
03/12/24 01:08:00,0.020036660687499992
03/12/24 01:09:00,0.019856423812500003
03/12/24 01:10:00,0.015799873294117646
03/12/24 01:11:00,0.01896176911764706
03/12/24 01:12:00,0.01841168041176471
03/12/24 01:13:00,0.01884973241176471
03/12/24 01:14:00,0.018969859529411767
03/12/24 01:15:00,0.016644451263157896
03/12/24 01:16:00,0.016247899625
03/12/24 01:17:00,0.023882624769230767
03/12/24 01:18:00,0.021851377538461537
03/12/24 01:19:00,0.022463953923076922
03/12/24 01:20:00,0.025522882307692306
03/12/24 01:21:00,0.018004156437500005
03/12/24 01:22:00,0.0185197211875
03/12/24 01:23:00,0.025241615214285713
03/12/24 01:24:00,0.023209235071428573
03/12/24 01:25:00,0.0225807185
03/12/24 01:26:00,0.02132963664285714
03/12/24 01:27:00,0.01664969529411765
03/12/24 01:28:00,0.01533667157894737
03/12/24 01:29:00,0.015022843315789474
03/12/24 01:30:00,0.016088691842105263
03/12/24 01:31:00,0.01673536463157895
03/12/24 01:32:00,0.015848693052631577
03/12/24 01:33:00,0.01607637357894737
03/12/24 01:34:00,0.01620407431578947
03/12/24 01:35:00,0.01379790952631579
03/12/24 01:36:00,0.012466091894736839
03/12/24 01:37:00,0.013561423263157896
03/12/24 01:38:00,0.01389591815789474
03/12/24 01:39:00,0.012344970684210529
03/12/24 01:40:00,0.012277893500000005
03/12/24 01:41:00,0.011871477333333335
03/12/24 01:42:00,0.009656163125000006
03/12/24 01:43:00,0.006264950500000033
03/12/24 10:13:00,0.008035137500000004
03/12/24 10:14:00,0.0071314778333333335
03/12/24 10:15:00,0.007172760500000001
03/12/24 10:16:00,0.008208917
03/12/24 10:17:00,0.00853270972222222
03/12/24 10:18:00,0.008693237105263157
03/12/24 10:19:00,0.00884577542105263
03/12/24 10:20:00,0.008767837631578948
03/12/24 10:21:00,0.008709398631578947
03/12/24 10:22:00,0.007982009473684208
03/12/24 10:23:00,0.007910234894736846
03/12/24 10:24:00,0.011161740555555556
03/12/24 10:25:00,0.011523098722222224
03/12/24 10:26:00,0.011054778166666664
03/12/24 10:27:00,0.012522098055555557
03/12/24 10:28:00,0.010622318823529412
03/12/24 10:29:00,0.009963170214285713
03/12/24 10:30:00,0.010979244599999998
03/12/24 10:31:00,0.011096487166666663
03/12/24 10:32:00,0.008506718333333338
03/12/24 10:33:00,0.01889677
03/12/24 10:34:00,0.01813934125
03/12/24 10:35:00,0.018521800499999998
03/12/24 10:36:00,0.01665706425
03/12/24 10:37:00,0.01669529415789474
03/12/24 10:38:00,0.015553733315789475
03/12/24 10:39:00,0.013667720842105267
03/12/24 10:40:00,0.013590551631578952
03/12/24 10:41:00,0.011847848263157896
03/12/24 10:42:00,0.011908641736842106
03/12/24 10:43:00,0.012755883736842104
03/12/24 10:44:00,0.012924936315789476
03/12/24 10:45:00,0.013018838578947367
03/12/24 10:46:00,0.014933032842105261
03/12/24 10:47:00,0.014108967157894736
03/12/24 10:48:00,0.015498589736842108
03/12/24 10:49:00,0.016332952894736838
03/12/24 10:50:00,0.015999149052631573
03/12/24 10:51:00,0.01438977294736841
03/12/24 10:52:00,0.011757087000000005
03/12/24 10:53:00,0.010786759421052625
03/12/24 10:54:00,0.009736742631578947
03/12/24 10:55:00,0.009473589263157889
03/12/24 10:56:00,0.010492573157894728
03/12/24 10:57:00,0.011250394000000002
03/12/24 10:58:00,0.013249244263157895
03/12/24 10:59:00,0.012942306000000004
03/12/24 11:00:00,0.014497779157894746
03/12/24 11:01:00,0.016120365578947367
03/12/24 11:02:00,0.017560512210526315
03/12/24 11:03:00,0.01718050463157895
03/12/24 11:04:00,0.020006618533333336
03/12/24 11:05:00,0.0193013680909091
03/12/24 11:06:00,0.01869549971428573
03/12/24 11:07:00,0.013338613666666665
03/12/24 11:11:00,0.01672509450000015
03/12/24 11:12:00,0.023218666833333325
03/12/24 11:13:00,0.019062318300000006
03/12/24 11:14:00,0.016888489142857153
03/12/24 11:15:00,0.01937102211111112
03/12/24 11:16:00,0.0203279037894737
03/12/24 11:17:00,0.018040701894736843
03/12/24 11:18:00,0.02068895015789473
03/12/24 11:19:00,0.022284237263157886
03/12/24 11:20:00,0.02132188294117646
03/12/24 11:21:00,0.020112350769230746
03/12/24 11:22:00,0.022709298999999985
03/12/24 11:23:00,0.022977782999999974
03/12/24 11:24:00,0.03454098599999966
03/12/24 12:02:00,0.008300333500000034
03/12/24 12:03:00,0.027914906833333385
03/12/24 12:04:00,0.026954633900000014
03/12/24 12:05:00,0.027641004357142864
03/12/24 12:06:00,0.029077568692307695
03/12/24 12:07:00,0.027757311363636367
03/12/24 12:08:00,0.027551072142857142
03/12/24 12:09:00,0.029356974666666664
03/12/24 13:29:00,0.013951064000000013
03/12/24 13:30:00,0.010329243799999999
03/12/24 13:31:00,0.012153648888888886
03/12/24 13:32:00,0.013811899384615382
03/12/24 13:33:00,0.016705186294117644
03/12/24 13:34:00,0.01751883889473684
03/12/24 13:35:00,0.01933282857894737
03/12/24 13:36:00,0.017340388842105262
03/12/24 13:37:00,0.018173946263157895
03/12/24 13:38:00,0.015398817555555555
03/12/24 13:39:00,0.02179516552941176
03/12/24 13:40:00,0.023374286941176464
03/12/24 13:41:00,0.023841161058823526
03/12/24 13:42:00,0.022663578176470592
03/12/24 13:43:00,0.019481762333333333
03/12/24 13:44:00,0.015759975789473687
03/12/24 13:45:00,0.015942607842105265
03/12/24 13:46:00,0.016324565315789474
03/12/24 13:47:00,0.02015631070588235
03/12/24 13:48:00,0.021842779941176463
03/12/24 13:49:00,0.02406476264705882
03/12/24 13:50:00,0.023360127588235288
03/12/24 13:51:00,0.0194489899375
03/12/24 13:52:00,0.01852738257142857
03/12/24 13:53:00,0.017503108099999998
03/12/24 13:54:00,0.017863206499999996
03/12/24 13:55:00,0.020270976999999996
03/12/24 13:58:00,0.012017074000000003
03/12/24 13:59:00,0.010955521400000003
03/12/24 14:00:00,0.01378939711111111
03/12/24 14:01:00,0.016193002615384616
03/12/24 14:02:00,0.019578301470588234
03/12/24 14:03:00,0.02055830136842105
03/12/24 14:04:00,0.022689603941176473
03/12/24 14:05:00,0.028282712352941174
03/12/24 14:06:00,0.02535553817647059
03/12/24 14:07:00,0.022310203764705883
03/12/24 14:08:00,0.02042312647058824
03/12/24 14:09:00,0.013356647894736843
03/12/24 14:10:00,0.01660078452631579
03/12/24 14:11:00,0.016833620842105265
03/12/24 14:12:00,0.017270055526315792
03/12/24 14:13:00,0.018981930842105265
03/12/24 14:14:00,0.01886241152631579
03/12/24 14:15:00,0.019220294947368422
03/12/24 14:16:00,0.019553952888888892
03/12/24 14:17:00,0.03350499461111111
03/12/24 14:18:00,0.0310451085
03/12/24 14:19:00,0.02940681788888889
03/12/24 14:20:00,0.027003643555555557
03/12/24 14:21:00,0.013980836736842103
03/12/24 14:22:00,0.014430350000000002
03/12/24 14:23:00,0.014812190842105265
03/12/24 14:24:00,0.015245240736842108
03/12/24 14:25:00,0.014139013526315794
03/12/24 14:26:00,0.01415635652631579
03/12/24 14:27:00,0.01344453310526316
03/12/24 14:28:00,0.014214356894736838
03/12/24 14:29:00,0.01357766836842105
03/12/24 14:30:00,0.013759275533333322
03/12/24 14:31:00,0.01836798514285714
03/12/24 14:32:00,0.019856873785714293
03/12/24 14:33:00,0.018903864999999995
03/12/24 14:34:00,0.01684743207142857
03/12/24 14:35:00,0.01811102187204118
03/12/24 14:36:00,0.018731392210526315
03/12/24 14:37:00,0.019546880368421053
03/12/24 14:38:00,0.02203781668421053
03/12/24 14:39:00,0.024929059736842108
03/12/24 14:40:00,0.02554171242105263
03/12/24 14:41:00,0.02529394466666667
03/12/24 14:42:00,0.03177852833333333
03/12/24 14:43:00,0.0330132022
03/12/24 14:44:00,0.0295138494
03/12/24 14:45:00,0.03144221193333334
03/12/24 14:46:00,0.0314054863125
03/12/24 14:47:00,0.029316610000000003
03/12/24 14:48:00,0.026926442
03/12/24 14:49:00,0.026568478947368412
03/12/24 14:50:00,0.02372173578947369
03/12/24 14:51:00,0.019208723684210526
03/12/24 14:52:00,0.021290834157894737
03/12/24 14:53:00,0.02113999436842105
03/12/24 14:54:00,0.020566227052631583
03/12/24 14:55:00,0.021354313473684203
03/12/24 14:56:00,0.02315849078947368
03/12/24 14:57:00,0.022314994999999997
03/12/24 14:58:00,0.022269827181818188
03/12/24 14:59:00,0.02425211228571428
03/12/24 15:00:00,0.02626853300000002
03/12/24 15:02:00,0.004701866499999985
03/12/24 15:03:00,0.006405423625000017
03/12/24 15:04:00,0.008191823250000008
03/12/24 15:05:00,0.007980751500000008
03/12/24 15:06:00,0.010850328368421053
03/12/24 15:07:00,0.010890727421052628
03/12/24 15:08:00,0.009888800684210526
03/12/24 15:09:00,0.008932307947368424
03/12/24 15:10:00,0.007053156368421053
03/12/24 15:11:00,0.006761206315789476
03/12/24 15:12:00,0.0069512688421052675
03/12/24 15:13:00,0.0066688112631579045
03/12/24 15:14:00,0.006950712736842096
03/12/24 15:15:00,0.005630551421052632
03/12/24 15:16:00,0.005611248052631579
03/12/24 15:17:00,0.005709149578947368
03/12/24 15:18:00,0.006012592578947361
03/12/24 15:19:00,0.005659156052631587
03/12/24 15:20:00,0.005720114578947376
03/12/24 15:21:00,0.005456362947368428
03/12/24 15:22:00,0.005301754052631587
03/12/24 15:23:00,0.005459256894736837
03/12/24 15:24:00,0.005467058842105252
03/12/24 15:25:00,0.005949195421052621
03/12/24 15:26:00,0.006058937631578942
03/12/24 15:27:00,0.005984208315789484
03/12/24 15:28:00,0.006042519526315789
03/12/24 15:29:00,0.006790606052631569
03/12/24 15:30:00,0.006293788470588231
03/12/24 15:31:00,0.006050070588235289
03/12/24 15:32:00,0.006192287588235292
03/12/24 15:33:00,0.00602331576470588
03/12/24 15:34:00,0.005075980117647048
03/12/24 15:35:00,0.00514823405263158
03/12/24 15:36:00,0.0051594470526315755
03/12/24 15:37:00,0.004994322789473689
03/12/24 15:38:00,0.004950681789473684
03/12/24 15:39:00,0.004917675263157906
03/12/24 15:40:00,0.004996810294117648
03/12/24 15:41:00,0.0051647738461538546
03/12/24 15:42:00,0.00537156733333334
03/12/24 15:43:00,0.0051096207999999695
03/12/24 15:44:00,0.005079347499999942
03/12/24 15:45:00,0.005968525499999933
03/12/24 15:46:00,0.006411647874999982
03/12/24 15:47:00,0.005736544999999982
03/12/24 15:48:00,0.005402569874999985
03/12/24 15:49:00,0.0059804841052631535
03/12/24 15:50:00,0.004977135411764699
03/12/24 15:51:00,0.005456838615384613
03/12/24 15:52:00,0.005867343222222241
03/12/24 15:53:00,0.003867300599999979
03/12/24 15:54:00,0.003161457000000034
03/12/24 15:56:00,0.004110270500000013
03/12/24 15:57:00,0.004280944000000009
03/12/24 15:58:00,0.004714180500000032
03/12/24 15:59:00,0.005317605214285719
03/12/24 16:00:00,0.005512035055555555
03/12/24 16:01:00,0.005642337947368423
03/12/24 16:02:00,0.005696143157894725
03/12/24 16:03:00,0.005849523157894753
03/12/24 16:04:00,0.005167800526315789
03/12/24 16:05:00,0.004939537199999992
03/12/24 16:06:00,0.004878721090909083
03/12/24 16:07:00,0.004102176142857176
03/12/24 16:08:00,0.003921799666666725
03/12/24 16:18:00,0.005451247250000013
03/12/24 16:19:00,0.005684325875000007
03/12/24 16:20:00,0.00503552991666667
03/12/24 16:21:00,0.004645031562499985
03/12/24 16:22:00,0.004727255052631572
03/12/24 16:23:00,0.004374821684210539
03/12/24 16:24:00,0.004510523526315798
03/12/24 16:25:00,0.004834469315789475
03/12/24 16:26:00,0.005120139250000017
03/12/24 16:27:00,0.005123100333333334
03/12/24 16:28:00,0.004658031250000028
03/12/24 16:29:00,0.004565195750000028
03/12/24 20:19:00,0.01818243000000001
03/12/24 20:20:00,0.016880844714285713
03/12/24 20:21:00,0.01719450763636364
03/12/24 20:22:00,0.019600543866666664
03/12/24 20:23:00,0.018558943842105262
03/12/24 20:24:00,0.01782576842105263
03/12/24 20:25:00,0.018056413789473688
03/12/24 20:26:00,0.015059879578947364
03/12/24 20:27:00,0.012504061210526314
03/12/24 20:28:00,0.014059085210526316
03/12/24 20:29:00,0.013537834947368424
03/12/24 20:30:00,0.01376827184210526
03/12/24 20:31:00,0.013881889315789476
03/12/24 20:32:00,0.014520417421052636
03/12/24 20:33:00,0.014848125421052632
03/12/24 20:34:00,0.013558077578947376
03/12/24 20:35:00,0.014017068947368415
03/12/24 20:36:00,0.015729167947368422
03/12/24 20:37:00,0.014310511736842104
03/12/24 20:38:00,0.014781029000000006
03/12/24 20:39:00,0.01570619705263158
03/12/24 20:40:00,0.015870035263157896
03/12/24 20:41:00,0.016650209473684206
03/12/24 20:42:00,0.019739599421052627
03/12/24 20:43:00,0.017791947421052636
03/12/24 20:44:00,0.02095192226315789
03/12/24 20:45:00,0.018379621263157894
03/12/24 20:46:00,0.019024389052631586
03/12/24 20:47:00,0.017095299105263168
03/12/24 20:48:00,0.01878305584210526
03/12/24 20:49:00,0.01640935099999998
03/12/24 20:50:00,0.01796961668421052
03/12/24 20:51:00,0.017625000947368418
03/12/24 20:52:00,0.017481304631578945
03/12/24 20:53:00,0.01672690110526316
03/12/24 20:54:00,0.016944234210526318
03/12/24 20:55:00,0.015101356631578942
03/12/24 20:56:00,0.014401894315789473
03/12/24 20:57:00,0.011796819052631578
03/12/24 20:58:00,0.010536987578947376
03/12/24 20:59:00,0.009159002368421048
03/12/24 21:00:00,0.007189714631578949
03/12/24 21:01:00,0.006350595578947349
03/12/24 21:02:00,0.005200679473684206
03/12/24 21:03:00,0.00535499173684211
03/12/24 21:04:00,0.005096464631578955
03/12/24 21:05:00,0.0052907238421052655
03/12/24 21:06:00,0.005354077526315787
03/12/24 21:07:00,0.005742953368421047
03/12/24 21:08:00,0.00609518099999999
03/12/24 21:09:00,0.00642167878947367
03/12/24 21:10:00,0.006243674105263164
03/12/24 21:11:00,0.00601123521052632
03/12/24 21:12:00,0.0068036218421052685
03/12/24 21:13:00,0.006965330368421057
03/12/24 21:14:00,0.006747537894736846
03/12/24 21:15:00,0.006588731473684199
03/12/24 21:16:00,0.006733383473684205
03/12/24 21:17:00,0.005553467842105256
03/12/24 21:18:00,0.00557656552631579
03/12/24 21:19:00,0.005475004263157875
03/12/24 21:20:00,0.0053909845789473715
03/12/24 21:21:00,0.0051225915263157906
03/12/24 21:22:00,0.006133664421052635
03/12/24 21:23:00,0.006264587315789488
03/12/24 21:24:00,0.006376606105263156
03/12/24 21:25:00,0.006609213421052637
03/12/24 21:26:00,0.007322125789473684
03/12/24 21:27:00,0.0066486734736842116
03/12/24 21:28:00,0.0065748753157894736
03/12/24 21:29:00,0.006587360315789466
03/12/24 21:30:00,0.006944431947368426
03/12/24 21:31:00,0.0065790178947368345
03/12/24 21:32:00,0.006273716421052642
03/12/24 21:33:00,0.006253029894736855
03/12/24 21:34:00,0.006457600210526326
03/12/24 21:35:00,0.005684154105263169
03/12/24 21:36:00,0.005493542210526319
03/12/24 21:37:00,0.005566538947368424
03/12/24 21:38:00,0.006844984999999999
03/12/24 21:39:00,0.006883866315789475
03/12/24 21:40:00,0.007497457052631584
03/12/24 21:41:00,0.008006134421052632
03/12/24 21:42:00,0.006770741578947362
03/12/24 21:43:00,0.0070712089473684275
03/12/24 21:44:00,0.006516725263157894
03/12/24 21:45:00,0.007376024473684193
03/12/24 21:46:00,0.007416778210526308
03/12/24 21:47:00,0.0077240360526315876
03/12/24 21:48:00,0.007926852421052615
03/12/24 21:49:00,0.007833780263157886
03/12/24 21:50:00,0.006683214833333365
03/12/24 21:51:00,0.006769135357142885
03/12/24 21:52:00,0.006168602900000053
03/12/24 21:53:00,0.005416797333333297
03/12/24 21:54:00,0.003991356500000265
03/12/24 10:14:00,0.006164989999999995
03/12/24 10:15:00,0.006164989999999995
03/12/24 10:16:00,0.0069475705
03/12/24 10:17:00,0.006947570499999999
03/12/24 10:18:00,0.0069475705
03/12/24 10:19:00,0.0077301510000000045
03/12/24 10:25:00,0.056235005000000005
03/12/24 10:26:00,0.056235005000000005
03/12/24 10:27:00,0.056235005000000005
03/12/24 20:58:00,0.01603497599999998
03/12/24 20:59:00,0.01603497599999998
03/12/24 21:00:00,0.012822539666666652
03/12/24 21:01:00,0.012822539666666652
03/12/24 21:02:00,0.012822539666666652
03/12/24 21:03:00,0.006397666999999996
03/12/24 21:04:00,0.006397666999999996
03/12/24 21:06:00,0.009376656000000039
03/12/24 21:07:00,0.00937665600000004
03/12/24 21:08:00,0.00937665600000004
03/12/24 21:09:00,0.009376656000000039
03/12/24 21:10:00,0.00937665600000004
03/12/24 10:25:00,0.006294500000000008
03/12/24 10:26:00,0.006294500000000008
03/12/24 10:27:00,0.006294500000000008
03/12/24 10:28:00,0.006294500000000008
03/12/24 10:29:00,0.006294500000000008
